Sonde 3.1;GTTCCGTTTGACAATAAAAAGGGATATGCG\colorbox{Snow2}{12}A\colorbox{Snow2}{3}TGTATTGTCCYTGAGAG;559 bp;Fluorophor: FAM Quencher: BMQ-535**
Sonde 1.1;GCTAAACTTGTTGCTACTGATGATCTTACAG\colorbox{Snow2}{12}G\colorbox{Snow2}{3}AGGATGAAGAAGATGG;707 bp;Fluorophor: FAM Quencher: BMQ-535**
forward 1;TTGAATGCATATGACCAGAGTGGAAGGCTT;654 bp;/
forward 3;GGAGGAAGTAAACACTCAGAAAGAAGGGAA;509 bp;/
forward 4;GAGACATGAACAACAGAGATGCAAGGCAAA;472 bp;/
reverse 1.1;CCTTCATTAAGACGCTCGAAGAGTGARTTG;720 bp;/
reverse 1.2;TGAATGTCCTTCATTAAGACGCTCGAAGAG;727 bp;/
reverse 3.3;ATTGGGGTGTTTGAGGAATGTTCCGTTTAC;565 bp;/
reverse 3.6;ATCCATTGGGGTGTTTGAGGAATGTTCCGT;569 bp;/
reverse 3.10;CTTGTATCCATTGGGGTGTTTGAGGAATGT;574 bp;/
reverse 3.15;AGTTGATAAGGACTTGTATCCATTGGGGTG;586 bp;/
